,0,1,FR1_contract,FR1_carryover,FR1_turnback,FR1_flood,FR2_contract,FR2_carryover,FR2_turnback,FR2_flood,SLS_contract,SLS_carryover,SLS_turnback,SLS_flood,SLF_contract,SLF_carryover,SLF_turnback,SLF_flood,ECH_contract,ECH_carryover,ECH_turnback,ECH_flood,CVC_contract,CVC_carryover,CVC_turnback,CVC_flood,KRR_contract,KRR_carryover,KRR_turnback,KRR_flood,TRR_contract,TRR_carryover,TRR_turnback,TRR_flood,WRR_contract,WRR_carryover,WRR_turnback,WRR_flood
0,3426.9715237899845,2478.953453096064,233.0304307170981,0.0,34.64664298931462,1184.7915698793868,22.64923696853348,0.0,0.0,651.7005508800488,1933.7434637114773,0.0,44.26946397863747,1152.771036110524,888.0661159758859,0.0,12.252001637300037,247.70785115793555,1180.4831176552802,0.0,0.0,82.57673982742975,0.0,0.0,0.0,0.0,530.5898504192708,0.0,0.0,427.91437554257897,156.01619480154073,0.0,9.334661338422832,268.1750946407814,12.267088580987167,0.0,1.8920497856856223e-16,382.80198623426554
1,3455.7140235928646,2499.009512452384,515.0709968275202,15.64124060105419,0.0,412.8284748570366,208.87599381595263,0.0,126.269249882559,889.3476699010766,1976.2503114913936,243.46666262719626,66.96723897497554,1043.1670237455237,906.8600927355549,32.07273928578523,8.304546804468877,262.29390682859787,1190.2503174296708,0.0,0.0,84.51440897671385,0.0,0.0,0.0,0.0,626.2451803490602,31.67577143376987,0.0,182.95738769369746,125.05462084889743,0.0,16.79978577143487,54.25488503262625,47.787946532741664,0.0,31.39021939960253,266.89963454011934
