,0,1,FR1_contract,FR1_carryover,FR1_turnback,FR1_flood,FR2_contract,FR2_carryover,FR2_turnback,FR2_flood,SLS_contract,SLS_carryover,SLS_turnback,SLS_flood,SLF_contract,SLF_carryover,SLF_turnback,SLF_flood,ECH_contract,ECH_carryover,ECH_turnback,ECH_flood,CVC_contract,CVC_carryover,CVC_turnback,CVC_flood,KRR_contract,KRR_carryover,KRR_turnback,KRR_flood,TRR_contract,TRR_carryover,TRR_turnback,TRR_flood,WRR_contract,WRR_carryover,WRR_turnback,WRR_flood
0,2181.506249596517,2433.946039031616,712.6798790626398,0.0,32.30597692790579,364.37399085297767,335.37744868902826,0.0,5.5737294807492646,784.8466140454949,1923.303652246094,0.0,81.93430825065647,472.14019474608887,852.4056018524764,0.0,10.377126135756033,252.7284943452065,1212.7248779987906,0.0,0.0,76.98547650278427,0.13096456306819876,0.0,0.5290060688491387,0.0,887.1040100568935,0.0,0.0,189.61038822314808,144.8462153278246,0.0,0.0,146.55868567591915,48.16163880201025,0.0,18.995459010814827,242.1697674450377
1,2957.1418304044355,2580.2958935724278,569.5524918244978,4.286549320271865,0.0,364.3241187277119,466.18417251864906,0.1142189195629966,114.90081111422532,684.0263993689639,1202.1765529312504,325.3133340706104,74.05313527772718,633.2098599782023,986.5519092899913,30.482268875329385,0.0,228.04370805631441,1197.1465432138398,0.0,0.0,74.57761841449498,0.0,10.536936718436234,0.0,0.0,183.22337942739756,74.46377577738168,0.0,610.7801456895234,123.88035315663328,0.0,0.0,169.16329128147973,8.894211060276763,0.0,2.949029909160572e-16,383.2102399604195
