,0,1,FR1_contract,FR1_carryover,FR1_turnback,FR1_flood,FR2_contract,FR2_carryover,FR2_turnback,FR2_flood,SLS_contract,SLS_carryover,SLS_turnback,SLS_flood,SLF_contract,SLF_carryover,SLF_turnback,SLF_flood,ECH_contract,ECH_carryover,ECH_turnback,ECH_flood,CVC_contract,CVC_carryover,CVC_turnback,CVC_flood,KRR_contract,KRR_carryover,KRR_turnback,KRR_flood,TRR_contract,TRR_carryover,TRR_turnback,TRR_flood,WRR_contract,WRR_carryover,WRR_turnback,WRR_flood
0,3426.9567547465426,2478.959439531774,233.03047630362178,0.0,34.65921331407863,1184.7608476555492,22.64853005704439,0.0,0.0,651.6855352120865,1933.7552207114622,0.0,44.269514590229754,1152.7600665615832,888.0694806234864,0.0,12.252014412862813,247.71098029149033,1180.4845484636758,0.0,0.0,82.5778918888163,0.0,0.0,0.0,0.0,530.5425448343308,0.0,0.0,427.9393156506453,155.5289419795148,0.0,9.382012953796984,268.50569828816555,12.267089050349604,0.0,4.3206560729424056e-16,382.8019836301994
1,3471.951778607646,2493.4209722819246,515.0989446578469,15.46772275842746,0.0,412.64984302920874,209.18549586040135,0.0,126.30812723446623,889.0854093600212,1987.7072383755328,242.9919379605655,57.7575460095274,1050.1235303530311,907.3065450651359,32.07098405429763,6.990894743059978,258.64643085080866,1194.0231413819831,0.0,0.0,83.45967879527986,0.0,0.0,0.0,0.0,630.3123367472183,33.61549484880503,0.0,177.48087451415685,125.01367847098243,0.0,16.77988560517327,55.21666496496797,48.77524797938683,0.0,31.35589872594811,266.8932097559102
