{
  "district_list": ["BLR", "LHL", "BDM"],	
  "crop_list": ["almond", "pistachio"],
  "in_district_direct_recharge": 0.0,
  "banking_risk_level": 0.01,
  "pump_out_fraction": {
    "BLR": 0.0,
    "LHL": 0.0,
    "BDM": 0.0
  },
  "seepage" : {
    "BLR": 1.25,
    "LHL": 1.25,
    "BDM": 1.25
  },
  "crop_maturity":{
    "almond": 5,
    "pistachio": 2
  },
  "MDD": {
    "BLR": 0.0,
    "LHL": 0.0,
    "BDM": 0.0
  },
  "zone": {
    "BLR": "zone15",
    "LHL": "zone15",
    "BDM": "zone15"
  },
  "urban_profile": {
    "BLR": [0.08333, 0.08333, 0.08333, 0.08333, 0.08333, 0.08333, 0.08333, 0.08333, 0.08333, 0.08333, 0.08333, 0.08333],
    "LHL": [0.08333, 0.08333, 0.08333, 0.08333, 0.08333, 0.08333, 0.08333, 0.08333, 0.08333, 0.08333, 0.08333, 0.08333],
    "BDM": [0.08333, 0.08333, 0.08333, 0.08333, 0.08333, 0.08333, 0.08333, 0.08333, 0.08333, 0.08333, 0.08333, 0.08333]
  }
}
