{
  "contract_list": ["tableA", "kern"],
  "turnout_list": ["fkc", "xvc", "knr"],
  "in_leiu_banking": false,
  "leiu_recovery": 0.0,
  "in_district_direct_recharge": 208.0,
  "in_district_storage": 0.41,
  "loss_rate": 0.1,
  "recovery_fraction": 1.0,
  "surface_water_sa" : 1.0,
  "must_fill" : 1,
  "seasonal_connection" : 1.0,
  "seepage" : 1.25,
  "inleiuhaircut" : 0.9,
  "recharge_decline": [1.0, 0.94, 0.88, 0.88, 0.88, 0.88, 0.99, 0.99, 0.99, 0.99, 0.99, 0.99, 0.99],
  "project_contract": {
    "tableA": 0.02044916,
    "cvpdelta": 0.0,
    "friant1": 0.0,
    "friant2": 0.0,
    "cvc": 0.0,
    "exchange": 0.0,
    "hidden": 0.0,
    "buchannon": 0.0,
    "eastside": 0.0
  },
  "rights": {
    "tuolumne": {
      "capacity": 0.0,
      "carryover": 0.0,
      "numrights": 1,
      "d": [0, 366],
      "start": [9999999, 9999999],
      "volume": [0, 0],
      "fraction": [1.0, 1.0]
    },
    "merced": {
      "capacity": 0.0,
      "carryover": 0.0,
      "numrights": 1,
      "d": [0, 366],
      "start": [9999999, 9999999],
      "volume": [0, 0],
      "fraction": [1.0, 1.0]
    },
    "kings": {
      "capacity": 0.0,
      "carryover": 0.0,
      "numrights": 1,
      "d": [0, 366],
      "start": [9999999, 9999999],
      "volume": [0, 0],
      "fraction": [1.0, 1.0]
    },
    "kaweah": {
      "capacity": 0.0,
      "carryover": 0.0,
      "numrights": 1,
      "d": [0, 366],
      "start": [9999999, 9999999],
      "volume": [0, 0],
      "fraction": [1.0, 1.0]
    },
    "tule": {
      "capacity": 0.0,
      "carryover": 0.0,
      "numrights": 1,
      "d": [0, 366],
      "start": [9999999, 9999999],
      "volume": [0, 0],
      "fraction": [0.0, 0.0]
    },
    "kern": {
      "capacity": 0.0,
      "carryover": 0.0,
      "rights": 1,
      "d": [0, 366],
      "start": [9999999, 9999999],
      "volume": [0, 0],
      "fraction": [1.0, 1.0]
    }
  },
  "crop_list": ["alfalfa","corn","cotton","onion","pasture","safflower","grain","idle"],
  "zone": "zone15",
  "acreage":{
    "W": [1.132, 0.724, 0.0, 0.008, 0.033, 0.242, 1.156, 62.105],
    "AN": [1.132, 0.724, 0.0, 0.008, 0.033, 0.242, 1.156, 62.105],
    "BN": [1.132, 0.724, 0.0, 0.008, 0.033, 0.242, 1.156, 62.105],
    "D": [1.132, 0.724, 0.0, 0.008, 0.033, 0.242, 1.156, 62.105],
    "C": [1.132, 0.724, 0.0, 0.008, 0.033, 0.242, 1.156, 62.105]
  },
  "MDD": 32.230,
  "urban_profile":[0.07597, 0.0711, 0.06323, 0.06348, 0.08911, 0.09313, 0.1045, 0.1069, 0.1003, 0.0984, 0.07867, 0.05525]
}
