{
  "contract_list": ["friant1", "friant2"],
  "turnout_list": ["mdc"],
  "in_leiu_banking": false,
  "leiu_recovery": 0.0,
  "in_district_direct_recharge": 550.0,
  "in_district_storage": 1.089,
  "loss_rate": 0.1,
  "recovery_fraction": 0.5,
  "surface_water_sa" : 1.0,
  "must_fill" : 0,
  "seasonal_connection" : 1.0,
  "seepage" : 1.25,
  "inleiuhaircut" : 0.9,
  "recharge_decline": [1.0, 0.94, 0.88, 0.88, 0.88, 0.88, 0.99, 0.99, 0.99, 0.99, 0.99, 0.99, 0.99],
  "project_contract": {
    "tableA": 0.0,
    "cvpdelta": 0.0,
    "friant1": 0.10625,
    "friant2": 0.13276,
    "cvc": 0.0,
    "exchange": 0.0,
    "hidden": 0.0,
    "buchannon": 0.0,
    "eastside": 0.0
  },
  "rights": {
    "tuolumne": {
      "capacity": 0.0,
      "carryover": 0.0,
      "numrights": 1,
      "d": [0, 366],
      "start": [9999999, 9999999],
      "volume": [0, 0],
      "fraction": [1.0, 1.0]
    },
    "merced": {
      "capacity": 0.0,
      "carryover": 0.0,
      "numrights": 1,
      "d": [0, 366],
      "start": [9999999, 9999999],
      "volume": [0, 0],
      "fraction": [1.0, 1.0]
    },
    "kings": {
      "capacity": 0.0,
      "carryover": 0.0,
      "numrights": 1,
      "d": [0, 366],
      "start": [9999999, 9999999],
      "volume": [0, 0],
      "fraction": [1.0, 1.0]
    },
    "kaweah": {
      "capacity": 0.0,
      "carryover": 0.0,
      "numrights": 1,
      "d": [0, 366],
      "start": [9999999, 9999999],
      "volume": [0, 0],
      "fraction": [1.0, 1.0]
    },
    "tule": {
      "capacity": 0.0,
      "carryover": 0.0,
      "numrights": 1,
      "d": [0, 366],
      "start": [9999999, 9999999],
      "volume": [0, 0],
      "fraction": [0.0, 0.0]
    },
    "kern": {
      "capacity": 0.0,
      "carryover": 0.0,
      "numrights": 1,
      "d": [0, 366],
      "start": [9999999, 9999999],
      "volume": [0, 0],
      "fraction": [0.0, 0.0]
    }
  },
  "service": {
    "storage": 1.355,
    "unlined": 74.0,
    "recharge": 0.4
  },

  "crop_list": ["almond", "cotton", "field_misc", "deciduous_misc", "grain", "grape", "pistachio", "idle"],
  "zone": "zone15",
  "acreage":{
    "W": [30.497, 0.137, 8.354, 4.969, 4.421, 43.121, 7.704, 8.707, 29.977],
    "AN": [30.497, 0.137, 8.354, 4.969, 4.421, 43.121, 7.704, 8.707, 29.977],
    "BN": [30.497, 0.137, 8.354, 4.969, 4.421, 43.121, 7.704, 8.707, 29.977],
    "D": [30.497, 0.137, 8.354, 4.969, 4.421, 43.121, 7.704, 8.707, 29.977],
    "C": [30.497, 0.137, 8.354, 4.969, 4.421, 43.121, 7.704, 8.707, 29.977]
  },

  "MDD": 0.0,
  "urban_profile":[0.08333, 0.08333, 0.08333, 0.08333, 0.08333, 0.08333, 0.08333, 0.08333, 0.08333, 0.08333, 0.08333, 0.08333]

}
