{
  "swp": {
    "tableA": 0.0
	},
  "cvp": {
    "sanluis": 0.0,
    "friant1": 40.0,
    "friant2": 311.675,
    "cvc": 0.0,
    "exchange": 0.0,
    "hidden": 0.0,
    "buchannon": 0.0,
    "eastside": 0.0
  },
  "crop_list": ["grape", "potatoe", "citrus", "grain", "vegetable_small", "almond", "field_misc", "idle"],
  "zone": "zone15",
  "acreage":{
    "W": [29.239, 13.283, 12.758, 7.026, 11.469, 6.070, 32.772, 19.043],
    "AN": [29.239, 13.283, 12.758, 7.026, 11.469, 6.070, 32.772, 19.043],
    "BN": [29.239, 13.283, 12.758, 7.026, 11.469, 6.070, 32.772, 19.043],
    "D": [29.239, 13.283, 12.758, 7.026, 11.469, 6.070, 32.772, 19.043],
    "C": [29.239, 13.283, 12.758, 7.026, 11.469, 6.070, 32.772, 19.043]
  },
  "MDD": 0.0,
  "urban_profile":[0.08333, 0.08333, 0.08333, 0.08333, 0.08333, 0.08333, 0.08333, 0.08333, 0.08333, 0.08333, 0.08333, 0.08333]
}
